{"count":1,"self":73.657856,"total":74.1639773,"children":{"InitializeActuators":{"count":1,"self":0.0009999,"total":0.0009999,"children":null},"InitializeSensors":{"count":1,"self":0.0010004999999999999,"total":0.0010004999999999999,"children":null},"AgentSendState":{"count":407,"self":0.0150178,"total":0.057025599999999996,"children":{"CollectObservations":{"count":407,"self":0.029995499999999998,"total":0.029995499999999998,"children":null},"CollectDiscreteActionMasks":{"count":407,"self":0.0020017999999999998,"total":0.0020017999999999998,"children":null},"RequestDecision":{"count":407,"self":0.0100105,"total":0.0100105,"children":null}}},"DecideAction":{"count":407,"self":0.27806379999999997,"total":0.27806379999999997,"children":null},"AgentAct":{"count":407,"self":0.16902989999999998,"total":0.16902989999999998,"children":null}},"gauges":{"AnimTest.CumulativeReward":{"count":15,"max":10.1179676,"min":-12.47685,"runningAverage":-2.81263041,"value":-0.9998328,"weightedAverage":-3.03542829}},"metadata":{"timer_format_version":"0.1.0","start_time_seconds":"1616384685","unity_version":"2019.4.15f1","command_line_arguments":"C:\\Program Files\\Unity\\Hub\\Editor\\2019.4.15f1\\Editor\\Unity.exe -projectpath C:\/Users\/jin\/ws\/Penguins -useHub -hubIPC -cloudEnvironment production -hubSessionId 572df970-8864-11eb-b656-c34cbabf98b0 -accessToken I9fGDVEHI370miVyJwmQBMESV3EfKZHvCLs3BunLYiw00df","communication_protocol_version":"1.2.0","com.unity.ml-agents_version":"1.6.0-preview","scene_name":"HumanoidScene","end_time_seconds":"1616384759"}}